Predictor variable,Categorical,Sample average
bioclim_10,false,236.50833333333333
bioclim_11,false,92.89114583333334
bioclim_13,false,164.96614583333334
bioclim_14,false,37.61666666666667
bioclim_16,false,436.28333333333336
bioclim_17,false,130.75885416666668
bioclim_5,false,304.22864583333336
bioclim_6,false,29.0375
soil-max,false,0.3932900865872701
soil-min,false,0.13948151522005597
